awardee,uei,amount,piid,awarding_agency,awarding_sub_agency,awarding_office,naics,pop_city,pop_state,pop_country,action_date,start_date,end_date,description,source_url,generated_unique_award_id
"GENERAL DYNAMICS INFORMATION TECHNOLOGY, INC.",SMNWM6HN79X5,541992951.00,75FCMC25FJ022,Department of Health and Human Services,Centers for Medicare and Medicaid Services,OFC OF ACQUISITION AND GRANTS MGMT,541512 — Computer Systems Design Services,WINDSOR MILL,MD,UNITED STATES,2026-08-27,2025-02-20,2027-06-30,"THE CLOUD PRODUCTS AND TOOLS (CPT) CONTRACT IS USED TO PROVIDE CLOUD-BASED INFRASTRUCTURE FROM COMMERCIAL CLOUD SERVICE PROVIDERS (CSP) SUCH AS MICROSOFT AZURE GOVERNMENT (MAG) AND AMAZON WEB SERVICES (AWS), AS WELL AS SOFTWARE, HARDWARE, TOOLS, PROF",https://www.usaspending.gov/award/CONT_AWD_75FCMC25FJ022_7530_47QTCK18D0003_4732,CONT_AWD_75FCMC25FJ022_7530_47QTCK18D0003_4732
"GENERAL DYNAMICS INFORMATION TECHNOLOGY, INC.",SMNWM6HN79X5,307159419.42,70RDA124FR0000005,Department of Homeland Security,Office of Procurement Operations,DEPARTMENTAL OPERATIONS ACQUISITION DIVISION I,541512 — Computer Systems Design Services,ARLINGTON,VA,UNITED STATES,2026-08-24,2023-12-31,2026-12-30,"OPERATE AND MAINTAIN THE OBIM INFRASTRUCTURE COMPONENTS AND ASSOCIATED APPLICATIONS AND OTHER FUNCTIONALITY OF THE PRODUCTION AND NON-PRODUCTION ENVIRONMENTS AND ASSOCIATED BUSINESS SYSTEMS CURRENTLY DEPLOYED WITH THE DHS DATA CENTER 1, GOVERNMENT AN",https://www.usaspending.gov/award/CONT_AWD_70RDA124FR0000005_7001_47QTCK18D0003_4732,CONT_AWD_70RDA124FR0000005_7001_47QTCK18D0003_4732
"GENERAL DYNAMICS INFORMATION TECHNOLOGY, INC.",SMNWM6HN79X5,219302285.42,75FCMC23F0156,Department of Health and Human Services,Centers for Medicare and Medicaid Services,OFC OF ACQUISITION AND GRANTS MGMT,541512 — Computer Systems Design Services,WINDSOR MILL,MD,UNITED STATES,2026-08-26,2023-09-29,2027-05-31,"HEALTHCARE INTEGRATED GENERAL LEDGER ACCOUNTING SYSTEM (HIGLAS) HOSTING, OPERATIONS & MAINTENANCE (HOM)",https://www.usaspending.gov/award/CONT_AWD_75FCMC23F0156_7530_47QTCK18D0003_4732,CONT_AWD_75FCMC23F0156_7530_47QTCK18D0003_4732
ACCENTURE FEDERAL SERVICES LLC,C47BNA8GM833,202121105.74,75FCMC21F0001,Department of Health and Human Services,Centers for Medicare and Medicaid Services,OFC OF ACQUISITION AND GRANTS MGMT,541512 — Computer Systems Design Services,ARLINGTON,VA,UNITED STATES,2026-08-26,2021-01-11,2022-07-15,FEDERALLY FACILITATED MARKETPLACE (FFM) BRIDGE CONTRACT,https://www.usaspending.gov/award/CONT_AWD_75FCMC21F0001_7530_HHSM500201600003I_7530,CONT_AWD_75FCMC21F0001_7530_HHSM500201600003I_7530
"ALETHIX, LLC",F4EQF8UKA2K5,126998077.54,70SBUR21F00000121,Department of Homeland Security,U.S. Citizenship and Immigration Services,USCIS CONTRACTING OFFICE(ERBUR),541512 — Computer Systems Design Services,FAIRFAX,VA,UNITED STATES,2026-08-28,2021-07-19,2026-10-31,SERVICES FOR PRODUCT ENGINEERING AND ENTERPRISE DELIVERY (SPEED),https://www.usaspending.gov/award/CONT_AWD_70SBUR21F00000121_7003_75N98119D00009_7529,CONT_AWD_70SBUR21F00000121_7003_75N98119D00009_7529
SCIENCE APPLICATIONS INTERNATIONAL CORPORATION,MMLKPW9JLX64,110881128.98,70B04C24F00000184,Department of Homeland Security,U.S. Customs and Border Protection,INFORMATION TECHNOLOGY CONTRACTING DIVISION,541512 — Computer Systems Design Services,RESTON,VA,UNITED STATES,2026-08-27,2024-03-02,2026-04-30,IT SERVICE AND SUPPORT,https://www.usaspending.gov/award/CONT_AWD_70B04C24F00000184_7014_47QTCK18D0001_4732,CONT_AWD_70B04C24F00000184_7014_47QTCK18D0001_4732
"HIGHLIGHT TECHNOLOGIES, INC.",C2MSYQALD3E4,91798601.12,70SBUR21F00000124,Department of Homeland Security,U.S. Citizenship and Immigration Services,USCIS CONTRACTING OFFICE(ERBUR),541512 — Computer Systems Design Services,FAIRFAX,VA,UNITED STATES,2026-08-27,2021-07-19,2026-10-31,SERVICES FOR PRODUCT ENGINEERING AND ENTERPRISE DELIVERY (SPEED),https://www.usaspending.gov/award/CONT_AWD_70SBUR21F00000124_7003_75N98119D00020_7529,CONT_AWD_70SBUR21F00000124_7003_75N98119D00020_7529
"CUSTOMER VALUE PARTNERS, LLC",L6R3M86AFBB5,88387635.95,70SBUR21F00000122,Department of Homeland Security,U.S. Citizenship and Immigration Services,USCIS CONTRACTING OFFICE(ERBUR),541512 — Computer Systems Design Services,FAIRFAX,VA,UNITED STATES,2026-08-27,2021-07-19,2026-10-31,SERVICES FOR PRODUCT ENGINEERING AND ENTERPRISE DELIVERY (SPEED),https://www.usaspending.gov/award/CONT_AWD_70SBUR21F00000122_7003_HHSN316201200125W_7529,CONT_AWD_70SBUR21F00000122_7003_HHSN316201200125W_7529
"EKAGRA PARTNERS, LLC",Q1DVL2FMEYR4,75623014.54,70SBUR21F00000123,Department of Homeland Security,U.S. Citizenship and Immigration Services,USCIS CONTRACTING OFFICE(ERBUR),541512 — Computer Systems Design Services,LEESBURG,VA,UNITED STATES,2026-08-28,2021-07-19,2026-10-31,SERVICES FOR PRODUCT ENGINEERING AND ENTERPRISE DELIVERY (SPEED),https://www.usaspending.gov/award/CONT_AWD_70SBUR21F00000123_7003_HHSN316201200131W_7529,CONT_AWD_70SBUR21F00000123_7003_HHSN316201200131W_7529
ACCENTURE FEDERAL SERVICES LLC,C47BNA8GM833,63236191.56,70CTD021FR0000232,Department of Homeland Security,U.S. Immigration and Customs Enforcement,INFORMATION TECHNOLOGY DIVISION,541512 — Computer Systems Design Services,WASHINGTON,DC,UNITED STATES,2026-08-25,2021-09-28,2027-02-27,CYBER DEFENSE AND INTELLIGENCE SUPPORT (CDISS) TASK ORDER. 11 MONTH BASE PERIOD AND 4 OPTION YEARS.,https://www.usaspending.gov/award/CONT_AWD_70CTD021FR0000232_7012_HHSN316201200002W_7529,CONT_AWD_70CTD021FR0000232_7012_HHSN316201200002W_7529
PATRIOT LLC,LYMKSJG6DLQ5,45392124.77,70B04C20F00001438,Department of Homeland Security,U.S. Customs and Border Protection,INFORMATION TECHNOLOGY CONTRACTING DIVISION,541512 — Computer Systems Design Services,LORTON,NE,UNITED STATES,2026-08-25,2020-09-29,2026-06-15,"PROCUREMENT OF PROGRAM MANAGEMENT, CUSTOMER-FOCUSED TECHNOLOGY SERVICE DESK SUPPORT FOR TIER 1 INTERNAL AND EXTERNAL OPERATIONS, AUTOMATED COMMERCIAL ENVIRONMENT (ACE) ACCOUNT SERVICE DESK (ASD), AND ADVANCED SUPPORT OPERATIONS",https://www.usaspending.gov/award/CONT_AWD_70B04C20F00001438_7014_HHSN316201200065W_7529,CONT_AWD_70B04C20F00001438_7014_HHSN316201200065W_7529
ALPHA OMEGA INTEGRATION LLC,NF34JCA2PME3,44147081.47,70CTD020FR0000280,Department of Homeland Security,U.S. Immigration and Customs Enforcement,INFORMATION TECHNOLOGY DIVISION,541512 — Computer Systems Design Services,WASHINGTON,DC,UNITED STATES,2026-08-28,2020-09-29,2026-03-31,"ICE REQUIRES INFORMATION TECHNOLOGY PROGRAM MANAGEMENT SUPPORT (ITPMS) SERVICES TO SUPPORT THE DEPARTMENT OF HOMELAND SECURITY, IMMIGRATION AND CUSTOMS ENFORCEMENT (ICE), HOMELAND SECURITY INVESTIGATION (HSI) PORTFOLIO BRANCH.",https://www.usaspending.gov/award/CONT_AWD_70CTD020FR0000280_7012_HHSN316201200182W_7529,CONT_AWD_70CTD020FR0000280_7012_HHSN316201200182W_7529
"ANDURIL INDUSTRIES, INC.",KC3CH2MSK7Q3,41852694.56,70B02C25F00000422,Department of Homeland Security,U.S. Customs and Border Protection,AIR AND MARINE CONTRACTING DIVISION,541512 — Computer Systems Design Services,COSTA MESA,CA,UNITED STATES,2026-08-25,2025-08-01,2027-06-30,S1 APPROVED AWARD FOR DELIVERY ORDER 18,https://www.usaspending.gov/award/CONT_AWD_70B02C25F00000422_7014_70B02C20D00000019_7014,CONT_AWD_70B02C25F00000422_7014_70B02C20D00000019_7014
DELOITTE CONSULTING LLP,CKV2L9GZKJK3,28578126.83,75N98023F00004,Department of Health and Human Services,National Institutes of Health,NATIONAL INSTITUTES OF HEALTH OLAO,541512 — Computer Systems Design Services,ALEXANDRIA,VA,UNITED STATES,2026-08-25,2023-09-15,2027-09-14,DELOITTE CONSULTING LLP:1167543 [23-003351],https://www.usaspending.gov/award/CONT_AWD_75N98023F00004_7529_HHSN316201200018W_7529,CONT_AWD_75N98023F00004_7529_HHSN316201200018W_7529
INTERNATIONAL BUSINESS MACHINES CORPORATION,VV9KH3L99VE3,27584513.80,70SBUR25F00000032,Department of Homeland Security,U.S. Citizenship and Immigration Services,USCIS CONTRACTING OFFICE(ERBUR),541512 — Computer Systems Design Services,WILLISTON,VT,UNITED STATES,2026-08-24,2025-08-08,2027-03-01,"AWARD, ARCHITECTURE ENGINEERING SUPPORT (AES) SERVICES, USCIS ENTERPRISE INFRASTRUCTURE DIVISION. EXCLUSION 2(D). CONTRACTOR SUPPORT TO DESIGN AND MAINTAIN THE AGENCY'S NETWORKS, SUPPORTING ITS DATA CENTERS AND CLOUD SYSTEMS, AND ENSURING ALL PL",https://www.usaspending.gov/award/CONT_AWD_70SBUR25F00000032_7003_47QTCK18D0014_4732,CONT_AWD_70SBUR25F00000032_7003_47QTCK18D0014_4732
"COMPUTER WORLD SERVICES, CORP.",SELVLQN46MM7,22284500.54,70RDA124FR0000045,Department of Homeland Security,Office of Procurement Operations,DEPARTMENTAL OPERATIONS ACQUISITIONS DIVISION I,541512 — Computer Systems Design Services,FALLS CHURCH,VA,UNITED STATES,2026-08-24,2024-09-17,2028-09-16,SYSTEMS ENGINEERING AND TEST SUPPORT (SETS) RECOMPETE,https://www.usaspending.gov/award/CONT_AWD_70RDA124FR0000045_7001_HHSN316201300001W_7529,CONT_AWD_70RDA124FR0000045_7001_HHSN316201300001W_7529
"A1M SOLUTIONS, INC.",ZPGUVM99QXX7,21975811.53,75FCMC24F0170,Department of Health and Human Services,Centers for Medicare and Medicaid Services,OFC OF ACQUISITION AND GRANTS MGMT,541512 — Computer Systems Design Services,CHICO,CA,UNITED STATES,2026-08-27,2024-09-09,2026-11-06,"DSG HAS MADE IMPROVEMENTS IN PORTFOLIO MANAGEMENT, ENSURING COHESION AND TRACEABILITY. THERE IS AN OPPORTUNITY FOR THE DATA SYSTEMS GROUP (DSG) TO BUILD ON THIS PROGRESS AND ENTER ITS NEXT PHASE OF TRANSFORMATION. DSG DESIRES TO CONTINUE THIS MOMEN",https://www.usaspending.gov/award/CONT_AWD_75FCMC24F0170_7530_47QTCA21D006V_4732,CONT_AWD_75FCMC24F0170_7530_47QTCA21D006V_4732
"GOLDMAN EDWARDS - TANTUS TECHNOLOGIES, LLC",NKRBEEFHXN47,18934145.78,75FCMC26F0065,Department of Health and Human Services,Centers for Medicare and Medicaid Services,OFC OF ACQUISITION AND GRANTS MGMT,541512 — Computer Systems Design Services,WINDSOR MILL,MD,UNITED STATES,2026-08-26,2026-04-23,2027-04-22,"THE CENTERS FOR MEDICARE & MEDICAID SERVICES (CMS) CENTER FOR CLINICAL STANDARDS AND QUALITY (CCSQ) REQUIRES COMPREHENSIVE SECURITY, INNOVATION, AND OPERATIONS (SIO) SUPPORT TO ADVANCE ITS CRITICAL MODERNIZATION INITIATIVE. THIS REQUIREMENT ADDRESSES",https://www.usaspending.gov/award/CONT_AWD_75FCMC26F0065_7530_47QTCA23D003V_4732,CONT_AWD_75FCMC26F0065_7530_47QTCA23D003V_4732
OASYS INTERNATIONAL LLC,FJX9CNNLEM21,17872179.47,70Z03825FM0000025,Department of Homeland Security,U.S. Coast Guard,AVIATION LOGISTICS CENTER (ALC)(00038),541512 — Computer Systems Design Services,ELIZABETH CITY,NC,UNITED STATES,2026-08-26,2025-09-18,2026-07-17,PROFESSIONAL INFORMATION TECHNOLOGY SERVICES TO SUPPORT THE AVIATION LOGISTICS CENTER AND INFORMATION SYSTEMS DIVISION.,https://www.usaspending.gov/award/CONT_AWD_70Z03825FM0000025_7008_47QTCH18D0006_4732,CONT_AWD_70Z03825FM0000025_7008_47QTCH18D0006_4732
INCENTIVE TECHNOLOGY GROUP LLC,CGTWKQ7DSVD7,13277942.82,75P00119F80217,Department of Health and Human Services,Office of the Assistant Secretary for Administration,PROGRAM SUPPORT CENTER ACQ MGMT SVC,541512 — Computer Systems Design Services,WASHINGTON,DC,UNITED STATES,2026-08-25,2019-09-30,2024-10-11,INNOVATE  MODERNIZE AND IMPROVE THE HHS FINANCIAL MANAGEMENT ENVIRONMENT,https://www.usaspending.gov/award/CONT_AWD_75P00119F80217_7570_HHSN316201200134W_7529,CONT_AWD_75P00119F80217_7570_HHSN316201200134W_7529
RELI GROUP INC,ZZEFBLYZN5B1,12859897.10,75FCMC25FJ070,Department of Health and Human Services,Centers for Medicare and Medicaid Services,OFC OF ACQUISITION AND GRANTS MGMT,541512 — Computer Systems Design Services,CATONSVILLE,MD,UNITED STATES,2026-08-26,2025-06-30,2026-11-29,NATIONAL PLAN AND PROVIDER ENUMERATION SYSTEM (NPPES) OPERATIONS & MAINTENANCE (O&M). THE GOVERNMENT IS ISSUING A SOLE SOURCE FOLLOW ON UNDER THE STRATEGIC PARTNERS ACQUISITION READINESS CONTRACT (SPARC) INDEFINITE DELIVERY/INDEFINITE QUANTITY (IDIQ),https://www.usaspending.gov/award/CONT_AWD_75FCMC25FJ070_7530_HHSM500201700045I_7530,CONT_AWD_75FCMC25FJ070_7530_HHSM500201700045I_7530
"FU ASSOCIATES, LTD.",WA2ND8JX9KQ5,12545471.16,75FCMC23F0145,Department of Health and Human Services,Centers for Medicare and Medicaid Services,OFC OF ACQUISITION AND GRANTS MGMT,541512 — Computer Systems Design Services,ARLINGTON,VA,UNITED STATES,2026-08-27,2023-09-13,2027-09-12,"THE PURPOSE OF THIS TASK ORDER IS TO REFINE, TEST, IMPLEMENT, AND MAINTAIN THE MCIM SUITE AND RELATED SPECIAL PROJECTS.  THE CONTRACTOR SHALL PROVIDE THE NECESSARY AND ESSENTIAL DEVELOPMENT, OPERATIONS, AND CUSTOMER SUPPORT FOR CMS.  THE CONTRACTOR",https://www.usaspending.gov/award/CONT_AWD_75FCMC23F0145_7530_GS35F257GA_4732,CONT_AWD_75FCMC23F0145_7530_GS35F257GA_4732
CANDOR SOLUTIONS LLC,JSL9E59CT6J9,10689367.15,70RTAC23FR0000002,Department of Homeland Security,Office of Procurement Operations,INFO TECH ACQ CENTER,541512 — Computer Systems Design Services,UPPER MARLBORO,MD,UNITED STATES,2026-08-28,2023-04-28,2027-04-27,"THE PURPOSE OF THIS TASK ORDER IS TO ACQUIRE ASSET MANAGEMENT SUPPORT SERVICES FOR THE DEPARTMENT OF HOMELAND SECURITY (DHS), OFFICE OF THE CHIEF INFORMATION OFFICER (OCIO), INFORMATION TECHNOLOGY OPERATIONS (IT OPS), HEADQUARTERS OPERATIONS DIRECTOR",https://www.usaspending.gov/award/CONT_AWD_70RTAC23FR0000002_7001_HHSN316201200110W_7529,CONT_AWD_70RTAC23FR0000002_7001_HHSN316201200110W_7529
"ANDURIL INDUSTRIES, INC.",KC3CH2MSK7Q3,9023087.16,70B02C26F00000661,Department of Homeland Security,U.S. Customs and Border Protection,AIR AND MARINE CONTRACTING DIVISION,541512 — Computer Systems Design Services,IRVINE,CA,UNITED STATES,2026-08-25,2026-08-25,2027-08-24,TOWER RELOCATIONS AND SOFTWARE INTEGRATION,https://www.usaspending.gov/award/CONT_AWD_70B02C26F00000661_7014_70B02C20D00000019_7014,CONT_AWD_70B02C26F00000661_7014_70B02C20D00000019_7014
NEXTECH LINTECH LLC,E61WLJBALR66,8786838.88,70RTAC24FR0000028,Department of Homeland Security,Office of Procurement Operations,INFO TECH ACQ CENTER,541512 — Computer Systems Design Services,SPRINGFIELD,VA,UNITED STATES,2026-08-26,2024-03-06,2027-03-10,"THE PURPOSE OF THIS REQUIREMENT IS TO PROCURE HSIN EXTERNAL FACING TIER I, II, AND OPERATIONS SUPPORT.",https://www.usaspending.gov/award/CONT_AWD_70RTAC24FR0000028_7001_47QTCB22D0218_4732,CONT_AWD_70RTAC24FR0000028_7001_47QTCB22D0218_4732
SIKICH FEDERAL INC.,HG5EUM78L3Y9,8622685.04,75N95023F00001,Department of Health and Human Services,National Institutes of Health,NATIONAL INSTITUTES OF HEALTH NIDA,541512 — Computer Systems Design Services,ROCKVILLE,MD,UNITED STATES,2026-08-27,2023-08-28,2026-09-27,"PLANNING, DEVELOPMENT, AND MAINTENANCE OF A GRANTS AND CONTRACTS INITIATIVE TRACKING SYSTEM FOR THE NATIONAL INSTITUTE ON AGING (NIA) EXTRAMURAL RESEARCH PROGRAM (ERP).",https://www.usaspending.gov/award/CONT_AWD_75N95023F00001_7529_HHSN316201200177W_7529,CONT_AWD_75N95023F00001_7529_HHSN316201200177W_7529
TRIPLE POINT SECURITY INC,XSJMFUNCEAA8,8467010.67,75N92023F00001,Department of Health and Human Services,National Institutes of Health,NATIONAL INSTITUTES OF HEALTH NHLBI,541512 — Computer Systems Design Services,LEESBURG,VA,UNITED STATES,2026-08-28,2023-08-30,2026-08-29,NHLBI ENTERPRISE ARCHITECTURE AND CYBER SECURITY SUPPORT FOR DATA SCIENCE PROGRAMS,https://www.usaspending.gov/award/CONT_AWD_75N92023F00001_7529_75N92023A00005_7529,CONT_AWD_75N92023F00001_7529_75N92023A00005_7529
GLOBAL TECH INC.,HWMKR49GR573,7137804.64,HSFE3015J0243,Department of Homeland Security,Federal Emergency Management Agency,INFORMATION TECHNOLOGY COMMODITIES AND TELECOMMUNICATIONS,541512 — Computer Systems Design Services,COLLEGE PARK,MD,UNITED STATES,2026-08-25,2015-06-16,2016-12-15,IGF::CT::IGF SYSTEMS ENGINEERING AND TECHNICAL ASSISTANCE: ISSO SUPPORT,https://www.usaspending.gov/award/CONT_AWD_HSFE3015J0243_7022_HSFEHQ10D0390_7022,CONT_AWD_HSFE3015J0243_7022_HSFEHQ10D0390_7022
KARTHIK CONSULTING LLC,FGNNM7KNUPF6,6687926.99,70FA3122F00000068,Department of Homeland Security,Federal Emergency Management Agency,INFORMATION TECHNOLOGY DEVELOPMENT AND SUSTAINMENT,541512 — Computer Systems Design Services,FALLS CHURCH,VA,UNITED STATES,2026-08-27,2022-09-30,2025-11-16,"HELPDESK SERVICES TO SUPPORT THE GRANTS TECHNOLOGY DIVISION, GMM PROGRAM",https://www.usaspending.gov/award/CONT_AWD_70FA3122F00000068_7022_75N98119D00062_7529,CONT_AWD_70FA3122F00000068_7022_75N98119D00062_7529
VETS2 SYNERGY LLC,L8KJCAW6D9D4,6143450.15,70CMSD25FR0000112,Department of Homeland Security,U.S. Immigration and Customs Enforcement,INVESTIGATIONS AND OPERATIONS SUPPORT DALLAS,541512 — Computer Systems Design Services,LORTON,VA,UNITED STATES,2026-08-24,2025-09-15,2027-09-14,THE PURPOSE OF THIS TASK ORDER IS TO PROVIDE GENERAL SUPPORT SYSTEM NETWORK SERVICES FOR US IMMIGRATION AND CUSTOMS ENFORCEMENT'S TECHNICAL OPERATIONS CENTER.,https://www.usaspending.gov/award/CONT_AWD_70CMSD25FR0000112_7012_47QTCH18D0068_4732,CONT_AWD_70CMSD25FR0000112_7012_47QTCH18D0068_4732
A SQUARE GROUP LLC,K22WGLWY6ZK6,5836400.39,75D30124F19860,Department of Health and Human Services,Centers for Disease Control and Prevention,CDC OFFICE OF ACQUISITION SERVICES,541512 — Computer Systems Design Services,FREDERICK,MD,UNITED STATES,2026-08-24,2024-08-22,2026-08-22,OCIO CPIC EA AND DATA POLICY SUPPORT SERVICES,https://www.usaspending.gov/award/CONT_AWD_75D30124F19860_7523_75N98120D00007_7529,CONT_AWD_75D30124F19860_7523_75N98120D00007_7529
DELOITTE CONSULTING LLP,CKV2L9GZKJK3,5589950.25,75D30123F16141,Department of Health and Human Services,Centers for Disease Control and Prevention,CDC OFFICE OF ACQUISITION SERVICES,541512 — Computer Systems Design Services,ARLINGTON,VA,UNITED STATES,2026-08-24,2023-04-17,2025-02-14,APEX OPERATIONS AND MAINTENANCE SUPPORT SERVICES,https://www.usaspending.gov/award/CONT_AWD_75D30123F16141_7523_HHSN316201200018W_7529,CONT_AWD_75D30123F16141_7523_HHSN316201200018W_7529
"BELLESE TECHNOLOGIES, LLC",HXBBEPUC48F5,5437307.80,75FCMC26F0143,Department of Health and Human Services,Centers for Medicare and Medicaid Services,OFC OF ACQUISITION AND GRANTS MGMT,541512 — Computer Systems Design Services,OWINGS MILLS,MD,UNITED STATES,2026-08-25,2026-09-08,2027-09-07,"THE PURPOSE OF THIS MEDICARE COVERAGE TOOLS (MCT) 3.0 CONTRACT IS TO ENHANCE MEDICARE INFORMATION CHANNELS TO PROVIDE A MORE INTEGRATED, PERSONALIZED AND SEAMLESS CUSTOMER SERVICE EXPERIENCE.",https://www.usaspending.gov/award/CONT_AWD_75FCMC26F0143_7530_GS35F356DA_4732,CONT_AWD_75FCMC26F0143_7530_GS35F356DA_4732
DAS FEDERAL LLC,MCLKHED4JJX5,5017528.74,75F40125F80229,Department of Health and Human Services,Office of the Assistant Secretary for Financial Resources,OMAS STRATEGIC BUYING CENTER - INFORMATION TECHNOLOGY,541512 — Computer Systems Design Services,SILVER SPRING,MD,UNITED STATES,2026-08-25,2025-09-24,2027-09-28,FDA TRACK SUPPORT AND SERVICES,https://www.usaspending.gov/award/CONT_AWD_75F40125F80229_7524_47QTCB22D0238_4732,CONT_AWD_75F40125F80229_7524_47QTCB22D0238_4732
DYNAMIC GOVERNMENT RESOURCES LLC,XUFTMCL9RF78,4999329.05,70B06C26F00000816,Department of Homeland Security,U.S. Customs and Border Protection,MISSION SUPPORT CONTRACTING DIVISION,541512 — Computer Systems Design Services,LEESBURG,VA,UNITED STATES,2026-08-28,2026-09-01,2027-08-31,ACE BUSINESS ANALYST SUPPORT,https://www.usaspending.gov/award/CONT_AWD_70B06C26F00000816_7014_47QTCC26DV008_4732,CONT_AWD_70B06C26F00000816_7014_47QTCC26DV008_4732
"SEKON ENTERPRISE, LLC",NUSGPXRUVS54,4692973.60,75N92022F00001,Department of Health and Human Services,National Institutes of Health,NATIONAL INSTITUTES OF HEALTH NHLBI,541512 — Computer Systems Design Services,BETHESDA,MD,UNITED STATES,2026-08-27,2022-09-01,2027-08-31,NHLBI CONTENT MANAGEMENT,https://www.usaspending.gov/award/CONT_AWD_75N92022F00001_7529_HHSN316201200170W_7529,CONT_AWD_75N92022F00001_7529_HHSN316201200170W_7529
ATTAINX INC.,J6Z9VBSL4219,4656263.92,70FA5024F00000041,Department of Homeland Security,Federal Emergency Management Agency,NATIONAL CONTINUITY SECTION(CON50),541512 — Computer Systems Design Services,HERNDON,VA,UNITED STATES,2026-08-28,2024-04-03,2027-04-11,AWARD A TASK ORDER FOR CBRNRESPONDER NETWORK SUPOORT,https://www.usaspending.gov/award/CONT_AWD_70FA5024F00000041_7022_47QTCB21D0128_4732,CONT_AWD_70FA5024F00000041_7022_47QTCB21D0128_4732
CANDOR SOLUTIONS LLC,JSL9E59CT6J9,4222014.06,75N98026F00001,Department of Health and Human Services,National Institutes of Health,NATIONAL INSTITUTES OF HEALTH OLAO,541512 — Computer Systems Design Services,ROCKVILLE,MD,UNITED STATES,2026-08-26,2026-07-23,2027-06-22,NIDA APPLICATION DEVELOPMENT AND INFORMATION TECHNOLOGY SERVICES (SADITS),https://www.usaspending.gov/award/CONT_AWD_75N98026F00001_7529_HHSN316201200110W_7529,CONT_AWD_75N98026F00001_7529_HHSN316201200110W_7529
RELI GROUP INC,ZZEFBLYZN5B1,3957776.39,75N98126F00001,Department of Health and Human Services,National Institutes of Health,NIH NITAA DITA-DVI OF INFO TECH ACQ,541512 — Computer Systems Design Services,CATONSVILLE,MD,UNITED STATES,2026-08-27,2026-02-15,2027-02-14,INFORMATION TECHNOLOGY CYBERSECURITY PROGRAM SUPPORT SERVICES (ITCPSS),https://www.usaspending.gov/award/CONT_AWD_75N98126F00001_7529_75N98119D00027_7529,CONT_AWD_75N98126F00001_7529_75N98119D00027_7529
"AQUILENT, INC.",LKBNKN1EA6J1,3554895.93,HHSP23337046,Department of Health and Human Services,Office of the Assistant Secretary for Administration,PROGRAM SUPPORT CENTER ACQ MGMT SVC,541512 — Computer Systems Design Services,WASHINGTON,DC,UNITED STATES,2026-08-27,2015-08-20,2017-08-25,IGF::CT::IGF,https://www.usaspending.gov/award/CONT_AWD_HHSP23337046_7555_HHSP233201300057B_7555,CONT_AWD_HHSP23337046_7555_HHSP233201300057B_7555
"UNIQNET S3, LLC",QSREUPJ3Q6Z5,3208567.68,75N93025F00252,Department of Health and Human Services,National Institutes of Health,NATIONAL INSTITUTES OF HEALTH NIAID,541512 — Computer Systems Design Services,BETHESDA,MD,UNITED STATES,2026-08-27,2025-09-30,2027-09-29,"COLLECTION OF ALTERNATIVE METHODS FOR REGULATORY APPLICATION (CAMERA) DATABASE AND WEB APPLICATION DEVELOPMENT AND SUPPORT, BASE YEAR, PERIOD OF PERFORMANCE 09/30/2025-09/28/2026",https://www.usaspending.gov/award/CONT_AWD_75N93025F00252_7529_47QTCB22D0415_4732,CONT_AWD_75N93025F00252_7529_47QTCB22D0415_4732
AUDACIOUS INQUIRY LLC,R1XUKGWGLBD7,3003152.85,75P00119F80100,Department of Health and Human Services,Office of the Assistant Secretary for Administration,PROGRAM SUPPORT CENTER ACQ MGMT SVC,541512 — Computer Systems Design Services,WASHINGTON,DC,UNITED STATES,2026-08-25,2019-05-31,2024-05-31,ONC TRACKING PLATFORM,https://www.usaspending.gov/award/CONT_AWD_75P00119F80100_7570_HHSM500201700010I_7530,CONT_AWD_75P00119F80100_7570_HHSM500201700010I_7530
STRATEGIC OPERATIONAL SOLUTIONS INC,FCJYHNPMDK55,2972832.46,70FA3123F00000052,Department of Homeland Security,Federal Emergency Management Agency,INFORMATION TECHNOLOGY DEVELOPMENT AND SUSTAINMENT,541512 — Computer Systems Design Services,DENTON,TX,UNITED STATES,2026-08-24,2023-07-12,2026-01-12,FUSION CENTER SUPPORT,https://www.usaspending.gov/award/CONT_AWD_70FA3123F00000052_7022_47QTCH18D0059_4732,CONT_AWD_70FA3123F00000052_7022_47QTCH18D0059_4732
AUDACIOUS INQUIRY LLC,R1XUKGWGLBD7,2733285.18,75P00119F80208,Department of Health and Human Services,Office of the Assistant Secretary for Administration,PROGRAM SUPPORT CENTER ACQ MGMT SVC,541512 — Computer Systems Design Services,WASHINGTON,DC,UNITED STATES,2026-08-27,2019-09-30,2020-09-29,IZGATEWAY,https://www.usaspending.gov/award/CONT_AWD_75P00119F80208_7570_HHSM500201700010I_7530,CONT_AWD_75P00119F80208_7570_HHSM500201700010I_7530
WILLIAMS CONSULTING LLC,CLDPGB3AAN49,2698782.49,75P00125F80152,Department of Health and Human Services,Office of the Assistant Secretary for Financial Resources,OMAS STRATEGIC BUYING CENTER - HHS MISSION,541512 — Computer Systems Design Services,CATONSVILLE,MD,UNITED STATES,2026-08-27,2025-09-30,2026-09-29,THE NATIONAL BREASTFEEDING HELPLINE,https://www.usaspending.gov/award/CONT_AWD_75P00125F80152_7570_GS35F227DA_4732,CONT_AWD_75P00125F80152_7570_GS35F227DA_4732
VIM ASSOCIATES INC,RLQHCAUZFQY3,2204627.72,75D30124C19054,Department of Health and Human Services,Centers for Disease Control and Prevention,CDC OFFICE OF ACQUISITION SERVICES,541512 — Computer Systems Design Services,SAN ANTONIO,TX,UNITED STATES,2026-08-28,2024-09-20,2027-08-31,NATIONAL ALS REGISTRY WEB PORTAL SUPPORT,https://www.usaspending.gov/award/CONT_AWD_75D30124C19054_7523_-NONE-_-NONE-,CONT_AWD_75D30124C19054_7523_-NONE-_-NONE-
ACCENTURE FEDERAL SERVICES LLC,C47BNA8GM833,2141352.84,70T03026F7667N065,Department of Homeland Security,Transportation Security Administration,ENTERPRISE INFORMATION TECHNOLOGY,541512 — Computer Systems Design Services,ARLINGTON,VA,UNITED STATES,2026-08-27,2026-09-11,2027-09-10,IVS CALL ORDER FOR 12 MONTHS FROM BPA 70T03024A7667N004.,https://www.usaspending.gov/award/CONT_AWD_70T03026F7667N065_7013_70T03024A7667N004_7013,CONT_AWD_70T03026F7667N065_7013_70T03024A7667N004_7013
"ONEZERO SOLUTIONS, LLC",SL7JJ6EZN3Y3,1524284.56,70Z02322FBSX20002,Department of Homeland Security,U.S. Coast Guard,HQ CONTRACT OPERATIONS (CG-912)(000,541512 — Computer Systems Design Services,HERNDON,VA,UNITED STATES,2026-08-28,2022-09-28,2027-03-27,BARD (BOATING ACCIDENT REPORT DATABASE) SERVICES 8(A) STARS III GWAC CONTRACT: 47QTCB22D0065 / TO: 70Z02322FBSX20002 PERIOD OF PERFORMANCE: 28 SEP 2022 - 27 SEP 2027,https://www.usaspending.gov/award/CONT_AWD_70Z02322FBSX20002_7008_47QTCB22D0065_4732,CONT_AWD_70Z02322FBSX20002_7008_47QTCB22D0065_4732
METAPHASE CONSULTING LLC,ZH8ACM4ZWDL7,1424729.33,70CMSW26FR0000004,Department of Homeland Security,U.S. Immigration and Customs Enforcement,MISSION SUPPORT WASHINGTON,541512 — Computer Systems Design Services,WASHINGTON,DC,UNITED STATES,2026-08-28,2026-01-28,2027-01-27,THE PURPOSE OF THIS AWARD IS TO OBTAIN DATA MANAGEMENT PROFESSIONAL SUPPORT SERVICES FOR THE IMMIGRATION AND CUSTOMS ENFORCEMENT'S FINANCIAL DATA MODERNIZATION PROGRAM.,https://www.usaspending.gov/award/CONT_AWD_70CMSW26FR0000004_7012_47QTCB22D0095_4732,CONT_AWD_70CMSW26FR0000004_7012_47QTCB22D0095_4732
"HIGHPOINT DIGITAL, INC.",NLXHVL2Z2967,1384981.96,7571MN26F80085,Department of Health and Human Services,Office of the Assistant Secretary for Financial Resources,OMAS STRATEGIC BUYING CENTER - HHS MISSION,541512 — Computer Systems Design Services,INDIANAPOLIS,IN,UNITED STATES,2026-08-27,2026-08-27,2027-08-26,"FEDHEALTH IT SOFTWARE LICENSING, OPERATION, AND MAINTENANCE SERVICES FOR FOH",https://www.usaspending.gov/award/CONT_AWD_7571MN26F80085_7571_GS35F533GA_4732,CONT_AWD_7571MN26F80085_7571_GS35F533GA_4732
CLEARAVENUE LLC,TZJXKXNHDLX1,1289159.07,70FA3124F00000049,Department of Homeland Security,Federal Emergency Management Agency,INFORMATION TECHNOLOGY DEVELOPMENT AND SUSTAINMENT,541512 — Computer Systems Design Services,WASHINGTON,DC,UNITED STATES,2026-08-24,2024-07-23,2025-07-22,"FY24 - EMIS SUSTAINMENT AND DEVELOPMENT PR# WX04719Y2024T PERIOD OF PERFORMANCE (POP): BASE YEAR, PLUS TWO (2) 12-MONTH OPTION PERIODS. BASE YEAR: 07/1/2024 - 06/31/2025 OY1:07/1/2025-06/31/2026 OY2:07/1/2026-06/31/2027",https://www.usaspending.gov/award/CONT_AWD_70FA3124F00000049_7022_75N98120D00191_7529,CONT_AWD_70FA3124F00000049_7022_75N98120D00191_7529
THE CENTECH GROUP INC.,GB4LSAFPM513,1090407.03,75P00123F80048,Department of Health and Human Services,Office of the Assistant Secretary for Financial Resources,OMAS STRATEGIC BUYING CENTER - HHS MISSION,541512 — Computer Systems Design Services,CHANTILLY,VA,UNITED STATES,2026-08-26,2023-03-02,2027-02-01,"THE SECURITY MANAGER (SM) APPLICATION IS AN ENTERPRISE SOLUTION THAT SUPPORTS THE ONS DPS AND HHS STAKEHOLDERS. ONS VIA SOFTWARE LICENSES FROM THE INCUMBENT CONTRACTOR, CENTECH, HAS BEEN PROVIDING MAINTENANCE AND LIFE CYCLE OF ONS PERSONNEL SECURITY",https://www.usaspending.gov/award/CONT_AWD_75P00123F80048_7570_47QTCA18D00GB_4732,CONT_AWD_75P00123F80048_7570_47QTCA18D00GB_4732
TCG INC,DRUNBSXBERD5,1056679.55,75N90022F00001,Department of Health and Human Services,National Institutes of Health,NATIONAL INSTITUTES OF HEALTH - CC,541512 — Computer Systems Design Services,BETHESDA,MD,UNITED STATES,2026-08-25,2022-08-25,2027-08-31,"BIOSTATISTICIAN SUPPORT SERVICES TCG, INC.:1108529 [22-009001]",https://www.usaspending.gov/award/CONT_AWD_75N90022F00001_7529_HHSN316201200178W_7529,CONT_AWD_75N90022F00001_7529_HHSN316201200178W_7529
"AQUILENT, INC.",LKBNKN1EA6J1,1000931.14,HHSP23337050,Department of Health and Human Services,Office of the Assistant Secretary for Administration,PROGRAM SUPPORT CENTER ACQ MGMT SVC,541512 — Computer Systems Design Services,WASHINGTON,DC,UNITED STATES,2026-08-26,2015-08-27,2016-08-26,IGF::CT::IGF,https://www.usaspending.gov/award/CONT_AWD_HHSP23337050_7555_HHSP233201300057B_7555,CONT_AWD_HHSP23337050_7555_HHSP233201300057B_7555
ASCLEPIUS SOLUTIONS INC,LKVVZXZFRHM6,974395.00,75N91021F00243,Department of Health and Human Services,National Institutes of Health,NIH NCI,541512 — Computer Systems Design Services,KENSINGTON,MD,UNITED STATES,2026-08-24,2021-09-01,2022-06-30,PROJECT MANAGEMENT AND APPLICATION SUPPORT SERVICES FOR DATA MANAGEMENT SYSTEMS MANAGED BY THE NCI OFFICE OF INFORMATION TECHNOLOGY (OIT),https://www.usaspending.gov/award/CONT_AWD_75N91021F00243_7529_GS06F1077Z_4732,CONT_AWD_75N91021F00243_7529_GS06F1077Z_4732
STRATEGIC OPERATIONAL SOLUTIONS INC,FCJYHNPMDK55,967383.50,70CTD026FR0000014,Department of Homeland Security,U.S. Immigration and Customs Enforcement,INFORMATION TECHNOLOGY DIVISION,541512 — Computer Systems Design Services,WASHINGTON,DC,UNITED STATES,2026-08-26,2026-04-01,2027-03-29,"THIS TASK ORDER PROVIDES OPERATIONS & MAINTENANCE SUPPORT SERVICES HOMELAND SECURITY INVESTIGATIONS, COUNTER THREAT LEAD DEVELOPMENT FOR IT SUPPORT TO MAINTAIN THE LEADTRAC APPLICATION AND BUSINESS PROCESSES IN SUPPORT OF MISSION REQUIREMENTS.",https://www.usaspending.gov/award/CONT_AWD_70CTD026FR0000014_7012_75N98119D00004_7529,CONT_AWD_70CTD026FR0000014_7012_75N98119D00004_7529
SAGACITY VENTURES LLC,H1S1ULWVRYK8,959247.88,75F40123F80217,Department of Health and Human Services,Food and Drug Administration,FDA OFFICE OF ACQ  GRANT SVCS,541512 — Computer Systems Design Services,ALEXANDRIA,VA,UNITED STATES,2026-08-24,2023-07-26,2024-09-26,BIMO PROGRAM STRATEGIC SUPPORT,https://www.usaspending.gov/award/CONT_AWD_75F40123F80217_7524_47QTCB21D0429_4732,CONT_AWD_75F40123F80217_7524_47QTCB21D0429_4732
"HLN CONSULTING, LLC",XNSKEB3136G3,946767.34,75D30124F20085,Department of Health and Human Services,Centers for Disease Control and Prevention,CDC OFFICE OF ACQUISITION SERVICES,541512 — Computer Systems Design Services,PROVIDENCE,RI,UNITED STATES,2026-08-25,2024-09-17,2027-06-30,RHODE ISLAND KIDSNET OPERATIONS AND MAINTENANCE (O&M) AND SUPPORT SERVICES,https://www.usaspending.gov/award/CONT_AWD_75D30124F20085_7523_47QTCA22D002B_4732,CONT_AWD_75D30124F20085_7523_47QTCA22D002B_4732
DV UNITED LLC,HCBJCK2G9EM1,621590.31,70FA3124F00000078,Department of Homeland Security,Federal Emergency Management Agency,INFORMATION TECHNOLOGY DEVELOPMENT AND SUSTAINMENT,541512 — Computer Systems Design Services,WASHINGTON,DC,UNITED STATES,2026-08-24,2024-09-30,2025-09-29,ENTERPRISE ARCHITECTURE TECHNOLOGY INNOVATION PROFESSIONAL SERVICES (EATIPS),https://www.usaspending.gov/award/CONT_AWD_70FA3124F00000078_7022_HHSN316201200060W_7529,CONT_AWD_70FA3124F00000078_7022_HHSN316201200060W_7529
TRIPLE POINT SECURITY INC,XSJMFUNCEAA8,595830.84,75N98026F00318,Department of Health and Human Services,National Institutes of Health,NATIONAL INSTITUTES OF HEALTH OLAO,541512 — Computer Systems Design Services,BETHESDA,MD,UNITED STATES,2026-08-28,2026-09-01,2027-08-31,NHGRI IT CLOUD SUPPORT SERVICES,https://www.usaspending.gov/award/CONT_AWD_75N98026F00318_7529_47QTCA19D004D_4732,CONT_AWD_75N98026F00318_7529_47QTCA19D004D_4732
INTEGRATED SECURITY TECHNOLOGIES INC.,SKN4AVY6ZJ53,508496.31,70FA5024F00000149,Department of Homeland Security,Federal Emergency Management Agency,NATIONAL CONTINUITY SECTION(CON50),541512 — Computer Systems Design Services,WAIPAHU,HI,UNITED STATES,2026-08-25,2024-09-04,2027-09-03,FOC AND ORR COOP AV MAINTENANCE AGREEMENT,https://www.usaspending.gov/award/CONT_AWD_70FA5024F00000149_7022_47QTCB22D0446_4732,CONT_AWD_70FA5024F00000149_7022_47QTCB22D0446_4732
COLOSSAL CONTRACTING LLC,F4M9NB1HD785,426726.10,70FA5025F00000018,Department of Homeland Security,Federal Emergency Management Agency,NATIONAL CONTINUITY SECTION(CON50),541512 — Computer Systems Design Services,ANNAPOLIS,MD,UNITED STATES,2026-08-24,2025-01-07,2027-01-09,PROCURE AN EMERGENCY CONFERENCING AND ALERTING NOTIFICATION SYSTEM SOFTWARE PACKAGE,https://www.usaspending.gov/award/CONT_AWD_70FA5025F00000018_7022_75N98118D00006_7529,CONT_AWD_70FA5025F00000018_7022_75N98118D00006_7529
