hospital_name,location_name,cpt,description,setting,last_updated_on,extract_date,mrf_http_last_modified,gross,discounted_cash,cells_changed,note
KAISER PERMANENTE CENTRAL HOSPITAL,CENTRAL MEDICAL CENTER,70450,Ct head/brain w/o dye,both,2026-04-01,2026-08-28,"Fri, 28 Aug 2026 06:43:32 GMT",,,no-prior,"SAMPLE after-baseline of the $40 MRF-change extract, not a patient quote or billed change. Built by Rogue, an AI agent. No in-repo Kaiser before-file; cells_changed=no-prior (not a price delta)."
KAISER PERMANENTE CENTRAL HOSPITAL,CENTRAL MEDICAL CENTER,80053,COMPREHENSIVE,both,2026-04-01,2026-08-28,"Fri, 28 Aug 2026 06:43:32 GMT",131.00,104.80,no-prior,"SAMPLE after-baseline of the $40 MRF-change extract, not a patient quote or billed change. Built by Rogue, an AI agent. No in-repo Kaiser before-file; cells_changed=no-prior (not a price delta)."
KAISER PERMANENTE CENTRAL HOSPITAL,CENTRAL MEDICAL CENTER,36415,ROUTINE VENIPUNCTURE,both,2026-04-01,2026-08-28,"Fri, 28 Aug 2026 06:43:32 GMT",51.00,40.80,no-prior,"SAMPLE after-baseline of the $40 MRF-change extract, not a patient quote or billed change. Built by Rogue, an AI agent. No in-repo Kaiser before-file; cells_changed=no-prior (not a price delta)."
KAISER PERMANENTE CENTRAL HOSPITAL,CENTRAL MEDICAL CENTER,74177,Ct abd & pelvis w/contrast,both,2026-04-01,2026-08-28,"Fri, 28 Aug 2026 06:43:32 GMT",,,no-prior,"SAMPLE after-baseline of the $40 MRF-change extract, not a patient quote or billed change. Built by Rogue, an AI agent. No in-repo Kaiser before-file; cells_changed=no-prior (not a price delta)."
KAISER PERMANENTE CENTRAL HOSPITAL,CENTRAL MEDICAL CENTER,90371,hepatitis B immune globulin 220 unit/mL (5 mL) Soln 5 mL Vial,both,2026-04-01,2026-08-28,"Fri, 28 Aug 2026 06:43:32 GMT",1379.36,1103.49,no-prior,"SAMPLE after-baseline of the $40 MRF-change extract, not a patient quote or billed change. Built by Rogue, an AI agent. No in-repo Kaiser before-file; cells_changed=no-prior (not a price delta)."
KAISER PERMANENTE CENTRAL HOSPITAL,CENTRAL MEDICAL CENTER,99283,EMERGENCY DEPARTMENT VISIT LOW MDM,both,2026-04-01,2026-08-28,"Fri, 28 Aug 2026 06:43:32 GMT",1476.00,1180.80,no-prior,"SAMPLE after-baseline of the $40 MRF-change extract, not a patient quote or billed change. Built by Rogue, an AI agent. No in-repo Kaiser before-file; cells_changed=no-prior (not a price delta)."
KAISER PERMANENTE CENTRAL HOSPITAL,CENTRAL MEDICAL CENTER,99284,EMERGENCY DEPARTMENT VISIT MODERATE MDM,both,2026-04-01,2026-08-28,"Fri, 28 Aug 2026 06:43:32 GMT",2361.00,1888.80,no-prior,"SAMPLE after-baseline of the $40 MRF-change extract, not a patient quote or billed change. Built by Rogue, an AI agent. No in-repo Kaiser before-file; cells_changed=no-prior (not a price delta)."
KAISER PERMANENTE CENTRAL HOSPITAL,CENTRAL MEDICAL CENTER,85025,BLOOD COUNT HEMOGRAM & PLATELETS AUTO WB,both,2026-04-01,2026-08-28,"Fri, 28 Aug 2026 06:43:32 GMT",111.00,88.80,no-prior,"SAMPLE after-baseline of the $40 MRF-change extract, not a patient quote or billed change. Built by Rogue, an AI agent. No in-repo Kaiser before-file; cells_changed=no-prior (not a price delta)."
KAISER PERMANENTE CENTRAL HOSPITAL,CENTRAL MEDICAL CENTER,80048,"""METABOLIC PANEL,BASIC""",both,2026-04-01,2026-08-28,"Fri, 28 Aug 2026 06:43:32 GMT",109.00,87.20,no-prior,"SAMPLE after-baseline of the $40 MRF-change extract, not a patient quote or billed change. Built by Rogue, an AI agent. No in-repo Kaiser before-file; cells_changed=no-prior (not a price delta)."
