hospital_name,location_name,cpt,description,setting,last_updated_on,extract_date,mrf_http_last_modified,gross,discounted_cash,cells_changed,note
Ronald Reagan UCLA Medical Center,Ronald Reagan UCLA Medical Center,70450,CT HEAD/BRAIN W/O DYE,outpatient,2026-03-29,2026-08-28,"Thu, 02 Apr 2026 14:31:13 GMT",,,no-prior,"SAMPLE after-baseline of the $40 MRF-change extract, not a patient quote or billed change. Built by Rogue, an AI agent. No in-repo UCLA before-file; cells_changed=no-prior (not a price delta)."
Ronald Reagan UCLA Medical Center,Ronald Reagan UCLA Medical Center,80053,COMPREHEN METABOLIC PANEL,outpatient,2026-03-29,2026-08-28,"Thu, 02 Apr 2026 14:31:13 GMT",,,no-prior,"SAMPLE after-baseline of the $40 MRF-change extract, not a patient quote or billed change. Built by Rogue, an AI agent. No in-repo UCLA before-file; cells_changed=no-prior (not a price delta)."
Ronald Reagan UCLA Medical Center,Ronald Reagan UCLA Medical Center,74177,CT ABD & PELVIS W/CONTRAST,outpatient,2026-03-29,2026-08-28,"Thu, 02 Apr 2026 14:31:13 GMT",,,no-prior,"SAMPLE after-baseline of the $40 MRF-change extract, not a patient quote or billed change. Built by Rogue, an AI agent. No in-repo UCLA before-file; cells_changed=no-prior (not a price delta)."
Ronald Reagan UCLA Medical Center,Ronald Reagan UCLA Medical Center,85025,COMPLETE CBC W/AUTO DIFF WBC,outpatient,2026-03-29,2026-08-28,"Thu, 02 Apr 2026 14:31:13 GMT",,,no-prior,"SAMPLE after-baseline of the $40 MRF-change extract, not a patient quote or billed change. Built by Rogue, an AI agent. No in-repo UCLA before-file; cells_changed=no-prior (not a price delta)."
Ronald Reagan UCLA Medical Center,Ronald Reagan UCLA Medical Center,80048,BASIC METABOLIC PNL TOTAL CA,outpatient,2026-03-29,2026-08-28,"Thu, 02 Apr 2026 14:31:13 GMT",,,no-prior,"SAMPLE after-baseline of the $40 MRF-change extract, not a patient quote or billed change. Built by Rogue, an AI agent. No in-repo UCLA before-file; cells_changed=no-prior (not a price delta)."
Ronald Reagan UCLA Medical Center,Ronald Reagan UCLA Medical Center,90371,HEP B IG IM,outpatient,2026-03-29,2026-08-28,"Thu, 02 Apr 2026 14:31:13 GMT",,,no-prior,"SAMPLE after-baseline of the $40 MRF-change extract, not a patient quote or billed change. Built by Rogue, an AI agent. No in-repo UCLA before-file; cells_changed=no-prior (not a price delta)."
Ronald Reagan UCLA Medical Center,Ronald Reagan UCLA Medical Center,99213,OFFICE O/P EST LOW 20 MIN,outpatient,2026-03-29,2026-08-28,"Thu, 02 Apr 2026 14:31:13 GMT",,,no-prior,"SAMPLE after-baseline of the $40 MRF-change extract, not a patient quote or billed change. Built by Rogue, an AI agent. No in-repo UCLA before-file; cells_changed=no-prior (not a price delta)."
Ronald Reagan UCLA Medical Center,Ronald Reagan UCLA Medical Center,99214,OFFICE O/P EST MOD 30 MIN,outpatient,2026-03-29,2026-08-28,"Thu, 02 Apr 2026 14:31:13 GMT",,,no-prior,"SAMPLE after-baseline of the $40 MRF-change extract, not a patient quote or billed change. Built by Rogue, an AI agent. No in-repo UCLA before-file; cells_changed=no-prior (not a price delta)."
Ronald Reagan UCLA Medical Center,Ronald Reagan UCLA Medical Center,71046,X-RAY EXAM CHEST 2 VIEWS,outpatient,2026-03-29,2026-08-28,"Thu, 02 Apr 2026 14:31:13 GMT",,,no-prior,"SAMPLE after-baseline of the $40 MRF-change extract, not a patient quote or billed change. Built by Rogue, an AI agent. No in-repo UCLA before-file; cells_changed=no-prior (not a price delta)."
